[{"model": "contenttypes.contenttype", "pk": 1, "fields": {"app_label": "admin", "model": "logentry"}}, {"model": "contenttypes.contenttype", "pk": 2, "fields": {"app_label": "auth", "model": "permission"}}, {"model": "contenttypes.contenttype", "pk": 3, "fields": {"app_label": "auth", "model": "group"}}, {"model": "contenttypes.contenttype", "pk": 4, "fields": {"app_label": "contenttypes", "model": "contenttype"}}, {"model": "contenttypes.contenttype", "pk": 5, "fields": {"app_label": "sessions", "model": "session"}}, {"model": "contenttypes.contenttype", "pk": 6, "fields": {"app_label": "api", "model": "client"}}, {"model": "contenttypes.contenttype", "pk": 7, "fields": {"app_label": "api", "model": "category"}}, {"model": "contenttypes.contenttype", "pk": 8, "fields": {"app_label": "api", "model": "genre"}}, {"model": "contenttypes.contenttype", "pk": 9, "fields": {"app_label": "api", "model": "title"}}, {"model": "contenttypes.contenttype", "pk": 10, "fields": {"app_label": "api", "model": "review"}}, {"model": "contenttypes.contenttype", "pk": 11, "fields": {"app_label": "api", "model": "comment"}}, {"model": "sessions.session", "pk": "91eq7cwd67g85ozf9jstcf1a739zwh86", "fields": {"session_data": "NmNlMjc4MDhmNTk0ZjY1NThlODdiYjM3NzdhMGU3OTZmZjgwZWE4Yzp7Il9hdXRoX3VzZXJfaWQiOiIxIiwiX2F1dGhfdXNlcl9iYWNrZW5kIjoiZGphbmdvLmNvbnRyaWIuYXV0aC5iYWNrZW5kcy5Nb2RlbEJhY2tlbmQiLCJfYXV0aF91c2VyX2hhc2giOiI0MWU5ZDhkZGNmOGY2YmY1M2E2OGM3OWZhYzZkNGE5MDgyYTJhNzgxIn0=", "expire_date": "2020-10-30T10:52:16.696Z"}}, {"model": "api.category", "pk": 1, "fields": {"name": "categoty1", "slug": "cat1"}}, {"model": "api.category", "pk": 2, "fields": {"name": "categoty2", "slug": "cat2"}}, {"model": "api.category", "pk": 3, "fields": {"name": "categoty3", "slug": "cat3"}}, {"model": "api.genre", "pk": 1, "fields": {"name": "genre1", "slug": "gen1"}}, {"model": "api.genre", "pk": 2, "fields": {"name": "genre2", "slug": "gen2"}}, {"model": "api.genre", "pk": 3, "fields": {"name": "genre3", "slug": "gen3"}}, {"model": "api.genre", "pk": 4, "fields": {"name": "genre4", "slug": "gen4"}}, {"model": "api.title", "pk": 1, "fields": {"name": "title1", "year": 2020, "description": "", "category": 1, "genre": [1]}}, {"model": "api.title", "pk": 2, "fields": {"name": "title2", "year": 2020, "description": "", "category": 2, "genre": [2]}}, {"model": "api.title", "pk": 3, "fields": {"name": "title3", "year": 2021, "description": "", "category": 3, "genre": [3]}}, {"model": "api.title", "pk": 4, "fields": {"name": "title4", "year": 2021, "description": "", "category": 1, "genre": [4]}}, {"model": "api.title", "pk": 5, "fields": {"name": "title5", "year": 2019, "description": "", "category": 2, "genre": [1]}}, {"model": "api.title", "pk": 6, "fields": {"name": "title6", "year": 2019, "description": "", "category": 3, "genre": [1]}}, {"model": "api.title", "pk": 7, "fields": {"name": "title7", "year": 2018, "description": "", "category": 1, "genre": [2]}}, {"model": "api.title", "pk": 8, "fields": {"name": "title8", "year": 2018, "description": "", "category": 3, "genre": [2]}}, {"model": "api.title", "pk": 9, "fields": {"name": "title9", "year": 2018, "description": "", "category": 1, "genre": [3]}}, {"model": "api.title", "pk": 10, "fields": {"name": "title10", "year": 2017, "description": "", "category": 2, "genre": [3]}}, {"model": "api.title", "pk": 11, "fields": {"name": "title11", "year": 2020, "description": "", "category": 2, "genre": [4]}}, {"model": "api.title", "pk": 12, "fields": {"name": "title12", "year": null, "description": "", "category": 3, "genre": [4]}}, {"model": "api.title", "pk": 13, "fields": {"name": "title13", "year": 2013, "description": "", "category": 1, "genre": [1]}}, {"model": "auth.permission", "pk": 1, "fields": {"name": "Can add log entry", "content_type": 1, "codename": "add_logentry"}}, {"model": "auth.permission", "pk": 2, "fields": {"name": "Can change log entry", "content_type": 1, "codename": "change_logentry"}}, {"model": "auth.permission", "pk": 3, "fields": {"name": "Can delete log entry", "content_type": 1, "codename": "delete_logentry"}}, {"model": "auth.permission", "pk": 4, "fields": {"name": "Can view log entry", "content_type": 1, "codename": "view_logentry"}}, {"model": "auth.permission", "pk": 5, "fields": {"name": "Can add permission", "content_type": 2, "codename": "add_permission"}}, {"model": "auth.permission", "pk": 6, "fields": {"name": "Can change permission", "content_type": 2, "codename": "change_permission"}}, {"model": "auth.permission", "pk": 7, "fields": {"name": "Can delete permission", "content_type": 2, "codename": "delete_permission"}}, {"model": "auth.permission", "pk": 8, "fields": {"name": "Can view permission", "content_type": 2, "codename": "view_permission"}}, {"model": "auth.permission", "pk": 9, "fields": {"name": "Can add group", "content_type": 3, "codename": "add_group"}}, {"model": "auth.permission", "pk": 10, "fields": {"name": "Can change group", "content_type": 3, "codename": "change_group"}}, {"model": "auth.permission", "pk": 11, "fields": {"name": "Can delete group", "content_type": 3, "codename": "delete_group"}}, {"model": "auth.permission", "pk": 12, "fields": {"name": "Can view group", "content_type": 3, "codename": "view_group"}}, {"model": "auth.permission", "pk": 13, "fields": {"name": "Can add content type", "content_type": 4, "codename": "add_contenttype"}}, {"model": "auth.permission", "pk": 14, "fields": {"name": "Can change content type", "content_type": 4, "codename": "change_contenttype"}}, {"model": "auth.permission", "pk": 15, "fields": {"name": "Can delete content type", "content_type": 4, "codename": "delete_contenttype"}}, {"model": "auth.permission", "pk": 16, "fields": {"name": "Can view content type", "content_type": 4, "codename": "view_contenttype"}}, {"model": "auth.permission", "pk": 17, "fields": {"name": "Can add session", "content_type": 5, "codename": "add_session"}}, {"model": "auth.permission", "pk": 18, "fields": {"name": "Can change session", "content_type": 5, "codename": "change_session"}}, {"model": "auth.permission", "pk": 19, "fields": {"name": "Can delete session", "content_type": 5, "codename": "delete_session"}}, {"model": "auth.permission", "pk": 20, "fields": {"name": "Can view session", "content_type": 5, "codename": "view_session"}}, {"model": "auth.permission", "pk": 21, "fields": {"name": "Can add user", "content_type": 6, "codename": "add_client"}}, {"model": "auth.permission", "pk": 22, "fields": {"name": "Can change user", "content_type": 6, "codename": "change_client"}}, {"model": "auth.permission", "pk": 23, "fields": {"name": "Can delete user", "content_type": 6, "codename": "delete_client"}}, {"model": "auth.permission", "pk": 24, "fields": {"name": "Can view user", "content_type": 6, "codename": "view_client"}}, {"model": "auth.permission", "pk": 25, "fields": {"name": "Can add category", "content_type": 7, "codename": "add_category"}}, {"model": "auth.permission", "pk": 26, "fields": {"name": "Can change category", "content_type": 7, "codename": "change_category"}}, {"model": "auth.permission", "pk": 27, "fields": {"name": "Can delete category", "content_type": 7, "codename": "delete_category"}}, {"model": "auth.permission", "pk": 28, "fields": {"name": "Can view category", "content_type": 7, "codename": "view_category"}}, {"model": "auth.permission", "pk": 29, "fields": {"name": "Can add genre", "content_type": 8, "codename": "add_genre"}}, {"model": "auth.permission", "pk": 30, "fields": {"name": "Can change genre", "content_type": 8, "codename": "change_genre"}}, {"model": "auth.permission", "pk": 31, "fields": {"name": "Can delete genre", "content_type": 8, "codename": "delete_genre"}}, {"model": "auth.permission", "pk": 32, "fields": {"name": "Can view genre", "content_type": 8, "codename": "view_genre"}}, {"model": "auth.permission", "pk": 33, "fields": {"name": "Can add title", "content_type": 9, "codename": "add_title"}}, {"model": "auth.permission", "pk": 34, "fields": {"name": "Can change title", "content_type": 9, "codename": "change_title"}}, {"model": "auth.permission", "pk": 35, "fields": {"name": "Can delete title", "content_type": 9, "codename": "delete_title"}}, {"model": "auth.permission", "pk": 36, "fields": {"name": "Can view title", "content_type": 9, "codename": "view_title"}}, {"model": "auth.permission", "pk": 37, "fields": {"name": "Can add review", "content_type": 10, "codename": "add_review"}}, {"model": "auth.permission", "pk": 38, "fields": {"name": "Can change review", "content_type": 10, "codename": "change_review"}}, {"model": "auth.permission", "pk": 39, "fields": {"name": "Can delete review", "content_type": 10, "codename": "delete_review"}}, {"model": "auth.permission", "pk": 40, "fields": {"name": "Can view review", "content_type": 10, "codename": "view_review"}}, {"model": "auth.permission", "pk": 41, "fields": {"name": "Can add comment", "content_type": 11, "codename": "add_comment"}}, {"model": "auth.permission", "pk": 42, "fields": {"name": "Can change comment", "content_type": 11, "codename": "change_comment"}}, {"model": "auth.permission", "pk": 43, "fields": {"name": "Can delete comment", "content_type": 11, "codename": "delete_comment"}}, {"model": "auth.permission", "pk": 44, "fields": {"name": "Can view comment", "content_type": 11, "codename": "view_comment"}}, {"model": "api.client", "pk": 1, "fields": {"password": "pbkdf2_sha256$180000$B6OpgyHuaCBx$wMIuevrQoGQDeluZRqvT7lipWehEKpyrPM1chVV7/VY=", "last_login": "2020-10-16T10:52:16.694Z", "is_superuser": true, "first_name": "", "last_name": "", "is_staff": true, "is_active": true, "date_joined": "2020-10-16T10:51:58.929Z", "email": "13bit57@gmail.com", "username": null, "role": "admin", "bio": "", "confirmation_code": null, "groups": [], "user_permissions": []}}, {"model": "api.client", "pk": 2, "fields": {"password": "dummy1", "last_login": null, "is_superuser": false, "first_name": "", "last_name": "", "is_staff": false, "is_active": true, "date_joined": "2020-10-16T10:56:39Z", "email": "dummy1@mail.com", "username": "dummy1", "role": "user", "bio": "", "confirmation_code": "12345", "groups": [], "user_permissions": []}}, {"model": "api.client", "pk": 3, "fields": {"password": "dummy2", "last_login": null, "is_superuser": false, "first_name": "", "last_name": "", "is_staff": false, "is_active": true, "date_joined": "2020-10-16T10:58:04Z", "email": "dummy2@mail.com", "username": "dummy2", "role": "moderator", "bio": "", "confirmation_code": "12345", "groups": [], "user_permissions": []}}, {"model": "api.client", "pk": 4, "fields": {"password": "dummy3", "last_login": null, "is_superuser": false, "first_name": "", "last_name": "", "is_staff": false, "is_active": true, "date_joined": "2020-10-16T10:58:48Z", "email": "dummy3@mail.com", "username": "dummy3", "role": "admin", "bio": "", "confirmation_code": "12345", "groups": [], "user_permissions": []}}, {"model": "api.review", "pk": 1, "fields": {"title": 1, "text": "review for title 1", "pub_date": "2020-10-16T11:04:17.087Z", "author": 2, "score": 100}}, {"model": "api.review", "pk": 2, "fields": {"title": 1, "text": "review for title 1", "pub_date": "2020-10-16T11:04:33.488Z", "author": 3, "score": 80}}, {"model": "api.review", "pk": 3, "fields": {"title": 1, "text": "review for title 1", "pub_date": "2020-10-16T11:04:44.849Z", "author": 4, "score": 60}}, {"model": "api.review", "pk": 4, "fields": {"title": 2, "text": "review for title 2", "pub_date": "2020-10-16T11:05:01.386Z", "author": 2, "score": 100}}, {"model": "api.review", "pk": 5, "fields": {"title": 2, "text": "review for title 2", "pub_date": "2020-10-16T11:05:19.793Z", "author": 3, "score": 110}}, {"model": "api.review", "pk": 6, "fields": {"title": 3, "text": "review for title 1", "pub_date": "2020-10-16T11:05:32.040Z", "author": 4, "score": 101}}, {"model": "api.review", "pk": 7, "fields": {"title": 2, "text": "review for title 2", "pub_date": "2020-10-16T11:06:22.353Z", "author": 4, "score": 90}}, {"model": "api.review", "pk": 8, "fields": {"title": 3, "text": "review for title 3", "pub_date": "2020-10-16T11:06:38.070Z", "author": 2, "score": 99}}, {"model": "api.review", "pk": 9, "fields": {"title": 3, "text": "review for title 3", "pub_date": "2020-10-16T11:06:52.099Z", "author": 3, "score": 105}}, {"model": "api.review", "pk": 10, "fields": {"title": 4, "text": "review for title 4", "pub_date": "2020-10-16T11:07:04.400Z", "author": 2, "score": 98}}, {"model": "api.review", "pk": 11, "fields": {"title": 4, "text": "review for title 4", "pub_date": "2020-10-16T11:07:19.304Z", "author": 3, "score": 95}}, {"model": "api.review", "pk": 12, "fields": {"title": 4, "text": "review for title 4", "pub_date": "2020-10-16T11:07:40.283Z", "author": 4, "score": 97}}, {"model": "api.review", "pk": 13, "fields": {"title": 5, "text": "review for title 5", "pub_date": "2020-10-16T11:08:00.254Z", "author": 2, "score": 88}}, {"model": "api.review", "pk": 14, "fields": {"title": 5, "text": "review for title 5", "pub_date": "2020-10-16T11:08:14.160Z", "author": 3, "score": 99}}, {"model": "api.review", "pk": 15, "fields": {"title": 5, "text": "review for title 5", "pub_date": "2020-10-16T11:09:02.871Z", "author": 4, "score": 102}}, {"model": "api.review", "pk": 16, "fields": {"title": 6, "text": "review for title 6", "pub_date": "2020-10-16T11:09:19.656Z", "author": 2, "score": 89}}, {"model": "api.review", "pk": 17, "fields": {"title": 7, "text": "review for title 7", "pub_date": "2020-10-16T11:09:32.381Z", "author": 3, "score": 85}}, {"model": "api.review", "pk": 18, "fields": {"title": 8, "text": "review for title 8", "pub_date": "2020-10-16T11:09:45.856Z", "author": 2, "score": 79}}, {"model": "api.review", "pk": 19, "fields": {"title": 9, "text": "review for title 9", "pub_date": "2020-10-16T11:09:55.708Z", "author": 3, "score": 83}}, {"model": "api.review", "pk": 20, "fields": {"title": 10, "text": "review for title 10", "pub_date": "2020-10-16T11:10:11.230Z", "author": 3, "score": 84}}, {"model": "api.review", "pk": 21, "fields": {"title": 11, "text": "review for title 11", "pub_date": "2020-10-16T11:10:24.662Z", "author": 2, "score": 81}}, {"model": "api.review", "pk": 22, "fields": {"title": 12, "text": "review for title 12", "pub_date": "2020-10-16T11:10:35.847Z", "author": 2, "score": 89}}, {"model": "api.review", "pk": 23, "fields": {"title": 12, "text": "review for title 12", "pub_date": "2020-10-16T11:10:46.898Z", "author": 3, "score": 84}}, {"model": "api.review", "pk": 24, "fields": {"title": 12, "text": "review for title 12", "pub_date": "2020-10-16T11:10:58.581Z", "author": 4, "score": 87}}, {"model": "api.review", "pk": 25, "fields": {"title": 13, "text": "review for title 13", "pub_date": "2020-10-16T11:11:16.516Z", "author": 2, "score": 87}}, {"model": "api.review", "pk": 26, "fields": {"title": 13, "text": "review for title 13", "pub_date": "2020-10-16T11:11:26.508Z", "author": 3, "score": 89}}, {"model": "api.review", "pk": 27, "fields": {"title": 13, "text": "review for title 13", "pub_date": "2020-10-16T11:11:39.013Z", "author": 4, "score": 81}}, {"model": "api.comment", "pk": 1, "fields": {"review": 1, "author": 2, "text": "nice!", "pub_date": "2020-10-16T11:12:03.813Z"}}, {"model": "api.comment", "pk": 2, "fields": {"review": 1, "author": 3, "text": "whaaat?!!", "pub_date": "2020-10-16T11:12:15.628Z"}}, {"model": "api.comment", "pk": 3, "fields": {"review": 1, "author": 2, "text": "omg!", "pub_date": "2020-10-16T11:12:23.892Z"}}, {"model": "api.comment", "pk": 4, "fields": {"review": 2, "author": 2, "text": "some comment", "pub_date": "2020-10-16T11:12:38.605Z"}}, {"model": "api.comment", "pk": 5, "fields": {"review": 2, "author": 3, "text": "my comment", "pub_date": "2020-10-16T11:12:46.968Z"}}, {"model": "api.comment", "pk": 6, "fields": {"review": 2, "author": 4, "text": "me too", "pub_date": "2020-10-16T11:12:55.843Z"}}, {"model": "api.comment", "pk": 7, "fields": {"review": 3, "author": 2, "text": "hmmmm...", "pub_date": "2020-10-16T11:13:10.570Z"}}, {"model": "api.comment", "pk": 8, "fields": {"review": 4, "author": 2, "text": "not bad", "pub_date": "2020-10-16T11:13:28.500Z"}}, {"model": "api.comment", "pk": 9, "fields": {"review": 4, "author": 3, "text": "hi!", "pub_date": "2020-10-16T11:13:42.980Z"}}, {"model": "api.comment", "pk": 10, "fields": {"review": 5, "author": 2, "text": "best", "pub_date": "2020-10-16T11:14:01.138Z"}}, {"model": "api.comment", "pk": 11, "fields": {"review": 5, "author": 3, "text": "may be", "pub_date": "2020-10-16T11:14:11.236Z"}}, {"model": "api.comment", "pk": 12, "fields": {"review": 6, "author": 2, "text": "aaa", "pub_date": "2020-10-16T11:14:26.449Z"}}, {"model": "api.comment", "pk": 13, "fields": {"review": 6, "author": 3, "text": "shut up", "pub_date": "2020-10-16T11:14:38.495Z"}}, {"model": "api.comment", "pk": 14, "fields": {"review": 7, "author": 2, "text": "error message", "pub_date": "2020-10-16T11:14:58.151Z"}}, {"model": "api.comment", "pk": 15, "fields": {"review": 7, "author": 3, "text": "what ur u doing!", "pub_date": "2020-10-16T11:15:19.791Z"}}, {"model": "api.comment", "pk": 16, "fields": {"review": 8, "author": 4, "text": "good!", "pub_date": "2020-10-16T11:15:31.807Z"}}, {"model": "api.comment", "pk": 17, "fields": {"review": 9, "author": 3, "text": "perfect", "pub_date": "2020-10-16T11:15:42.920Z"}}, {"model": "api.comment", "pk": 18, "fields": {"review": 9, "author": 3, "text": "add comment", "pub_date": "2020-10-16T11:16:02.389Z"}}, {"model": "api.comment", "pk": 19, "fields": {"review": 10, "author": 2, "text": "i can type!", "pub_date": "2020-10-16T11:16:25.424Z"}}, {"model": "api.comment", "pk": 20, "fields": {"review": 10, "author": 4, "text": "wtf?!", "pub_date": "2020-10-16T11:16:33.855Z"}}, {"model": "api.comment", "pk": 21, "fields": {"review": 11, "author": 2, "text": "erase my mind please", "pub_date": "2020-10-16T11:16:58.988Z"}}, {"model": "api.comment", "pk": 22, "fields": {"review": 10, "author": 3, "text": "please dont!", "pub_date": "2020-10-16T11:17:12.213Z"}}, {"model": "api.comment", "pk": 23, "fields": {"review": 11, "author": 2, "text": "some message", "pub_date": "2020-10-16T11:17:23.027Z"}}, {"model": "api.comment", "pk": 24, "fields": {"review": 11, "author": 3, "text": "add info?", "pub_date": "2020-10-16T11:17:32.670Z"}}, {"model": "api.comment", "pk": 25, "fields": {"review": 12, "author": 4, "text": "very good!", "pub_date": "2020-10-16T11:17:45.334Z"}}, {"model": "api.comment", "pk": 26, "fields": {"review": 13, "author": 2, "text": "need more", "pub_date": "2020-10-16T11:17:53.652Z"}}, {"model": "api.comment", "pk": 27, "fields": {"review": 14, "author": 3, "text": "take it easy", "pub_date": "2020-10-16T11:18:07.797Z"}}, {"model": "api.comment", "pk": 28, "fields": {"review": 15, "author": 4, "text": "enogh", "pub_date": "2020-10-16T11:18:49.132Z"}}, {"model": "api.comment", "pk": 29, "fields": {"review": 16, "author": 2, "text": "do not repeat!", "pub_date": "2020-10-16T11:19:07.766Z"}}, {"model": "api.comment", "pk": 30, "fields": {"review": 17, "author": 3, "text": "awful!", "pub_date": "2020-10-16T11:19:39.376Z"}}, {"model": "api.comment", "pk": 31, "fields": {"review": 18, "author": 2, "text": "tied to type this!!!", "pub_date": "2020-10-16T11:20:20.146Z"}}, {"model": "api.comment", "pk": 32, "fields": {"review": 19, "author": 3, "text": "no more please!!", "pub_date": "2020-10-16T11:20:32.161Z"}}, {"model": "api.comment", "pk": 33, "fields": {"review": 20, "author": 3, "text": "another one comment...", "pub_date": "2020-10-16T11:20:46.793Z"}}, {"model": "api.comment", "pk": 34, "fields": {"review": 21, "author": 2, "text": "far far away", "pub_date": "2020-10-16T11:21:09.024Z"}}, {"model": "api.comment", "pk": 35, "fields": {"review": 22, "author": 2, "text": "msg1", "pub_date": "2020-10-16T11:21:17.152Z"}}, {"model": "api.comment", "pk": 36, "fields": {"review": 23, "author": 3, "text": "msg2", "pub_date": "2020-10-16T11:21:24.495Z"}}, {"model": "api.comment", "pk": 37, "fields": {"review": 24, "author": 4, "text": "msg3", "pub_date": "2020-10-16T11:21:31.197Z"}}, {"model": "api.comment", "pk": 38, "fields": {"review": 25, "author": 2, "text": "msg1", "pub_date": "2020-10-16T11:21:38.727Z"}}, {"model": "api.comment", "pk": 39, "fields": {"review": 26, "author": 3, "text": "msg2", "pub_date": "2020-10-16T11:21:48.438Z"}}, {"model": "api.comment", "pk": 40, "fields": {"review": 27, "author": 4, "text": "msg3", "pub_date": "2020-10-16T11:21:56.481Z"}}, {"model": "api.comment", "pk": 41, "fields": {"review": 27, "author": 2, "text": "msg1", "pub_date": "2020-10-16T11:22:06.412Z"}}, {"model": "api.comment", "pk": 42, "fields": {"review": 27, "author": 3, "text": "msg2", "pub_date": "2020-10-16T11:22:15.845Z"}}, {"model": "api.comment", "pk": 43, "fields": {"review": 27, "author": 2, "text": "msg4", "pub_date": "2020-10-16T11:22:30.693Z"}}, {"model": "admin.logentry", "pk": 1, "fields": {"action_time": "2020-10-16T10:52:49.207Z", "user": 1, "content_type": 7, "object_id": "1", "object_repr": "cat1", "action_flag": 1, "change_message": "[{\"added\": {}}]"}}, {"model": "admin.logentry", "pk": 2, "fields": {"action_time": "2020-10-16T10:52:58.196Z", "user": 1, "content_type": 7, "object_id": "2", "object_repr": "cat2", "action_flag": 1, "change_message": "[{\"added\": {}}]"}}, {"model": "admin.logentry", "pk": 3, "fields": {"action_time": "2020-10-16T10:53:04.247Z", "user": 1, "content_type": 7, "object_id": "3", "object_repr": "cat3", "action_flag": 1, "change_message": "[{\"added\": {}}]"}}, {"model": "admin.logentry", "pk": 4, "fields": {"action_time": "2020-10-16T10:53:28.835Z", "user": 1, "content_type": 8, "object_id": "1", "object_repr": "gen1", "action_flag": 1, "change_message": "[{\"added\": {}}]"}}, {"model": "admin.logentry", "pk": 5, "fields": {"action_time": "2020-10-16T10:53:45.266Z", "user": 1, "content_type": 8, "object_id": "2", "object_repr": "gen2", "action_flag": 1, "change_message": "[{\"added\": {}}]"}}, {"model": "admin.logentry", "pk": 6, "fields": {"action_time": "2020-10-16T10:53:51.745Z", "user": 1, "content_type": 8, "object_id": "3", "object_repr": "gen3", "action_flag": 1, "change_message": "[{\"added\": {}}]"}}, {"model": "admin.logentry", "pk": 7, "fields": {"action_time": "2020-10-16T10:54:02.961Z", "user": 1, "content_type": 8, "object_id": "4", "object_repr": "gen4", "action_flag": 1, "change_message": "[{\"added\": {}}]"}}, {"model": "admin.logentry", "pk": 8, "fields": {"action_time": "2020-10-16T10:58:01.185Z", "user": 1, "content_type": 6, "object_id": "2", "object_repr": "dummy1@mail.com", "action_flag": 1, "change_message": "[{\"added\": {}}]"}}, {"model": "admin.logentry", "pk": 9, "fields": {"action_time": "2020-10-16T10:58:25.046Z", "user": 1, "content_type": 6, "object_id": "3", "object_repr": "dummy2@mail.com", "action_flag": 1, "change_message": "[{\"added\": {}}]"}}, {"model": "admin.logentry", "pk": 10, "fields": {"action_time": "2020-10-16T10:58:33.523Z", "user": 1, "content_type": 6, "object_id": "3", "object_repr": "dummy2@mail.com", "action_flag": 2, "change_message": "[{\"changed\": {\"fields\": [\"Role\"]}}]"}}, {"model": "admin.logentry", "pk": 11, "fields": {"action_time": "2020-10-16T10:59:10.950Z", "user": 1, "content_type": 6, "object_id": "4", "object_repr": "dummy3@mail.com", "action_flag": 1, "change_message": "[{\"added\": {}}]"}}, {"model": "admin.logentry", "pk": 12, "fields": {"action_time": "2020-10-16T10:59:56.058Z", "user": 1, "content_type": 9, "object_id": "1", "object_repr": "title1", "action_flag": 1, "change_message": "[{\"added\": {}}]"}}, {"model": "admin.logentry", "pk": 13, "fields": {"action_time": "2020-10-16T11:00:18.896Z", "user": 1, "content_type": 9, "object_id": "2", "object_repr": "title2", "action_flag": 1, "change_message": "[{\"added\": {}}]"}}, {"model": "admin.logentry", "pk": 14, "fields": {"action_time": "2020-10-16T11:00:39.671Z", "user": 1, "content_type": 9, "object_id": "3", "object_repr": "title3", "action_flag": 1, "change_message": "[{\"added\": {}}]"}}, {"model": "admin.logentry", "pk": 15, "fields": {"action_time": "2020-10-16T11:01:10.242Z", "user": 1, "content_type": 9, "object_id": "4", "object_repr": "title4", "action_flag": 1, "change_message": "[{\"added\": {}}]"}}, {"model": "admin.logentry", "pk": 16, "fields": {"action_time": "2020-10-16T11:01:28.185Z", "user": 1, "content_type": 9, "object_id": "5", "object_repr": "title5", "action_flag": 1, "change_message": "[{\"added\": {}}]"}}, {"model": "admin.logentry", "pk": 17, "fields": {"action_time": "2020-10-16T11:01:47.058Z", "user": 1, "content_type": 9, "object_id": "6", "object_repr": "title6", "action_flag": 1, "change_message": "[{\"added\": {}}]"}}, {"model": "admin.logentry", "pk": 18, "fields": {"action_time": "2020-10-16T11:02:06.931Z", "user": 1, "content_type": 9, "object_id": "7", "object_repr": "title7", "action_flag": 1, "change_message": "[{\"added\": {}}]"}}, {"model": "admin.logentry", "pk": 19, "fields": {"action_time": "2020-10-16T11:02:23.011Z", "user": 1, "content_type": 9, "object_id": "8", "object_repr": "title8", "action_flag": 1, "change_message": "[{\"added\": {}}]"}}, {"model": "admin.logentry", "pk": 20, "fields": {"action_time": "2020-10-16T11:02:40.538Z", "user": 1, "content_type": 9, "object_id": "9", "object_repr": "title9", "action_flag": 1, "change_message": "[{\"added\": {}}]"}}, {"model": "admin.logentry", "pk": 21, "fields": {"action_time": "2020-10-16T11:02:55.475Z", "user": 1, "content_type": 9, "object_id": "10", "object_repr": "title10", "action_flag": 1, "change_message": "[{\"added\": {}}]"}}, {"model": "admin.logentry", "pk": 22, "fields": {"action_time": "2020-10-16T11:03:15.137Z", "user": 1, "content_type": 9, "object_id": "11", "object_repr": "title11", "action_flag": 1, "change_message": "[{\"added\": {}}]"}}, {"model": "admin.logentry", "pk": 23, "fields": {"action_time": "2020-10-16T11:03:26.290Z", "user": 1, "content_type": 9, "object_id": "12", "object_repr": "title12", "action_flag": 1, "change_message": "[{\"added\": {}}]"}}, {"model": "admin.logentry", "pk": 24, "fields": {"action_time": "2020-10-16T11:03:44.282Z", "user": 1, "content_type": 9, "object_id": "13", "object_repr": "title13", "action_flag": 1, "change_message": "[{\"added\": {}}]"}}, {"model": "admin.logentry", "pk": 25, "fields": {"action_time": "2020-10-16T11:04:17.088Z", "user": 1, "content_type": 10, "object_id": "1", "object_repr": "review for title 1", "action_flag": 1, "change_message": "[{\"added\": {}}]"}}, {"model": "admin.logentry", "pk": 26, "fields": {"action_time": "2020-10-16T11:04:33.489Z", "user": 1, "content_type": 10, "object_id": "2", "object_repr": "review for title 1", "action_flag": 1, "change_message": "[{\"added\": {}}]"}}, {"model": "admin.logentry", "pk": 27, "fields": {"action_time": "2020-10-16T11:04:44.850Z", "user": 1, "content_type": 10, "object_id": "3", "object_repr": "review for title 1", "action_flag": 1, "change_message": "[{\"added\": {}}]"}}, {"model": "admin.logentry", "pk": 28, "fields": {"action_time": "2020-10-16T11:05:01.387Z", "user": 1, "content_type": 10, "object_id": "4", "object_repr": "review for title 2", "action_flag": 1, "change_message": "[{\"added\": {}}]"}}, {"model": "admin.logentry", "pk": 29, "fields": {"action_time": "2020-10-16T11:05:19.794Z", "user": 1, "content_type": 10, "object_id": "5", "object_repr": "review for title 2", "action_flag": 1, "change_message": "[{\"added\": {}}]"}}, {"model": "admin.logentry", "pk": 30, "fields": {"action_time": "2020-10-16T11:05:32.041Z", "user": 1, "content_type": 10, "object_id": "6", "object_repr": "review for title 1", "action_flag": 1, "change_message": "[{\"added\": {}}]"}}, {"model": "admin.logentry", "pk": 31, "fields": {"action_time": "2020-10-16T11:06:22.353Z", "user": 1, "content_type": 10, "object_id": "7", "object_repr": "review for title 2", "action_flag": 1, "change_message": "[{\"added\": {}}]"}}, {"model": "admin.logentry", "pk": 32, "fields": {"action_time": "2020-10-16T11:06:38.071Z", "user": 1, "content_type": 10, "object_id": "8", "object_repr": "review for title 3", "action_flag": 1, "change_message": "[{\"added\": {}}]"}}, {"model": "admin.logentry", "pk": 33, "fields": {"action_time": "2020-10-16T11:06:52.100Z", "user": 1, "content_type": 10, "object_id": "9", "object_repr": "review for title 3", "action_flag": 1, "change_message": "[{\"added\": {}}]"}}, {"model": "admin.logentry", "pk": 34, "fields": {"action_time": "2020-10-16T11:07:04.401Z", "user": 1, "content_type": 10, "object_id": "10", "object_repr": "review for title 4", "action_flag": 1, "change_message": "[{\"added\": {}}]"}}, {"model": "admin.logentry", "pk": 35, "fields": {"action_time": "2020-10-16T11:07:19.304Z", "user": 1, "content_type": 10, "object_id": "11", "object_repr": "review for title 4", "action_flag": 1, "change_message": "[{\"added\": {}}]"}}, {"model": "admin.logentry", "pk": 36, "fields": {"action_time": "2020-10-16T11:07:40.284Z", "user": 1, "content_type": 10, "object_id": "12", "object_repr": "review for title 4", "action_flag": 1, "change_message": "[{\"added\": {}}]"}}, {"model": "admin.logentry", "pk": 37, "fields": {"action_time": "2020-10-16T11:08:00.255Z", "user": 1, "content_type": 10, "object_id": "13", "object_repr": "review for title 5", "action_flag": 1, "change_message": "[{\"added\": {}}]"}}, {"model": "admin.logentry", "pk": 38, "fields": {"action_time": "2020-10-16T11:08:14.160Z", "user": 1, "content_type": 10, "object_id": "14", "object_repr": "review for title 5", "action_flag": 1, "change_message": "[{\"added\": {}}]"}}, {"model": "admin.logentry", "pk": 39, "fields": {"action_time": "2020-10-16T11:09:02.871Z", "user": 1, "content_type": 10, "object_id": "15", "object_repr": "review for title 5", "action_flag": 1, "change_message": "[{\"added\": {}}]"}}, {"model": "admin.logentry", "pk": 40, "fields": {"action_time": "2020-10-16T11:09:19.657Z", "user": 1, "content_type": 10, "object_id": "16", "object_repr": "review for title 6", "action_flag": 1, "change_message": "[{\"added\": {}}]"}}, {"model": "admin.logentry", "pk": 41, "fields": {"action_time": "2020-10-16T11:09:32.382Z", "user": 1, "content_type": 10, "object_id": "17", "object_repr": "review for title 7", "action_flag": 1, "change_message": "[{\"added\": {}}]"}}, {"model": "admin.logentry", "pk": 42, "fields": {"action_time": "2020-10-16T11:09:45.857Z", "user": 1, "content_type": 10, "object_id": "18", "object_repr": "review for title 8", "action_flag": 1, "change_message": "[{\"added\": {}}]"}}, {"model": "admin.logentry", "pk": 43, "fields": {"action_time": "2020-10-16T11:09:55.708Z", "user": 1, "content_type": 10, "object_id": "19", "object_repr": "review for title 9", "action_flag": 1, "change_message": "[{\"added\": {}}]"}}, {"model": "admin.logentry", "pk": 44, "fields": {"action_time": "2020-10-16T11:10:11.231Z", "user": 1, "content_type": 10, "object_id": "20", "object_repr": "review for title 10", "action_flag": 1, "change_message": "[{\"added\": {}}]"}}, {"model": "admin.logentry", "pk": 45, "fields": {"action_time": "2020-10-16T11:10:24.663Z", "user": 1, "content_type": 10, "object_id": "21", "object_repr": "review for title 11", "action_flag": 1, "change_message": "[{\"added\": {}}]"}}, {"model": "admin.logentry", "pk": 46, "fields": {"action_time": "2020-10-16T11:10:35.848Z", "user": 1, "content_type": 10, "object_id": "22", "object_repr": "review for title 12", "action_flag": 1, "change_message": "[{\"added\": {}}]"}}, {"model": "admin.logentry", "pk": 47, "fields": {"action_time": "2020-10-16T11:10:46.899Z", "user": 1, "content_type": 10, "object_id": "23", "object_repr": "review for title 12", "action_flag": 1, "change_message": "[{\"added\": {}}]"}}, {"model": "admin.logentry", "pk": 48, "fields": {"action_time": "2020-10-16T11:10:58.581Z", "user": 1, "content_type": 10, "object_id": "24", "object_repr": "review for title 12", "action_flag": 1, "change_message": "[{\"added\": {}}]"}}, {"model": "admin.logentry", "pk": 49, "fields": {"action_time": "2020-10-16T11:11:16.517Z", "user": 1, "content_type": 10, "object_id": "25", "object_repr": "review for title 13", "action_flag": 1, "change_message": "[{\"added\": {}}]"}}, {"model": "admin.logentry", "pk": 50, "fields": {"action_time": "2020-10-16T11:11:26.509Z", "user": 1, "content_type": 10, "object_id": "26", "object_repr": "review for title 13", "action_flag": 1, "change_message": "[{\"added\": {}}]"}}, {"model": "admin.logentry", "pk": 51, "fields": {"action_time": "2020-10-16T11:11:39.014Z", "user": 1, "content_type": 10, "object_id": "27", "object_repr": "review for title 13", "action_flag": 1, "change_message": "[{\"added\": {}}]"}}, {"model": "admin.logentry", "pk": 52, "fields": {"action_time": "2020-10-16T11:12:03.814Z", "user": 1, "content_type": 11, "object_id": "1", "object_repr": "nice!", "action_flag": 1, "change_message": "[{\"added\": {}}]"}}, {"model": "admin.logentry", "pk": 53, "fields": {"action_time": "2020-10-16T11:12:15.629Z", "user": 1, "content_type": 11, "object_id": "2", "object_repr": "whaaat?!!", "action_flag": 1, "change_message": "[{\"added\": {}}]"}}, {"model": "admin.logentry", "pk": 54, "fields": {"action_time": "2020-10-16T11:12:23.893Z", "user": 1, "content_type": 11, "object_id": "3", "object_repr": "omg!", "action_flag": 1, "change_message": "[{\"added\": {}}]"}}, {"model": "admin.logentry", "pk": 55, "fields": {"action_time": "2020-10-16T11:12:38.606Z", "user": 1, "content_type": 11, "object_id": "4", "object_repr": "some comment", "action_flag": 1, "change_message": "[{\"added\": {}}]"}}, {"model": "admin.logentry", "pk": 56, "fields": {"action_time": "2020-10-16T11:12:46.968Z", "user": 1, "content_type": 11, "object_id": "5", "object_repr": "my comment", "action_flag": 1, "change_message": "[{\"added\": {}}]"}}, {"model": "admin.logentry", "pk": 57, "fields": {"action_time": "2020-10-16T11:12:55.844Z", "user": 1, "content_type": 11, "object_id": "6", "object_repr": "me too", "action_flag": 1, "change_message": "[{\"added\": {}}]"}}, {"model": "admin.logentry", "pk": 58, "fields": {"action_time": "2020-10-16T11:13:10.571Z", "user": 1, "content_type": 11, "object_id": "7", "object_repr": "hmmmm...", "action_flag": 1, "change_message": "[{\"added\": {}}]"}}, {"model": "admin.logentry", "pk": 59, "fields": {"action_time": "2020-10-16T11:13:28.501Z", "user": 1, "content_type": 11, "object_id": "8", "object_repr": "not bad", "action_flag": 1, "change_message": "[{\"added\": {}}]"}}, {"model": "admin.logentry", "pk": 60, "fields": {"action_time": "2020-10-16T11:13:42.981Z", "user": 1, "content_type": 11, "object_id": "9", "object_repr": "hi!", "action_flag": 1, "change_message": "[{\"added\": {}}]"}}, {"model": "admin.logentry", "pk": 61, "fields": {"action_time": "2020-10-16T11:14:01.138Z", "user": 1, "content_type": 11, "object_id": "10", "object_repr": "best", "action_flag": 1, "change_message": "[{\"added\": {}}]"}}, {"model": "admin.logentry", "pk": 62, "fields": {"action_time": "2020-10-16T11:14:11.237Z", "user": 1, "content_type": 11, "object_id": "11", "object_repr": "may be", "action_flag": 1, "change_message": "[{\"added\": {}}]"}}, {"model": "admin.logentry", "pk": 63, "fields": {"action_time": "2020-10-16T11:14:26.450Z", "user": 1, "content_type": 11, "object_id": "12", "object_repr": "aaa", "action_flag": 1, "change_message": "[{\"added\": {}}]"}}, {"model": "admin.logentry", "pk": 64, "fields": {"action_time": "2020-10-16T11:14:38.495Z", "user": 1, "content_type": 11, "object_id": "13", "object_repr": "shut up", "action_flag": 1, "change_message": "[{\"added\": {}}]"}}, {"model": "admin.logentry", "pk": 65, "fields": {"action_time": "2020-10-16T11:14:58.151Z", "user": 1, "content_type": 11, "object_id": "14", "object_repr": "error message", "action_flag": 1, "change_message": "[{\"added\": {}}]"}}, {"model": "admin.logentry", "pk": 66, "fields": {"action_time": "2020-10-16T11:15:19.792Z", "user": 1, "content_type": 11, "object_id": "15", "object_repr": "what ur u doing!", "action_flag": 1, "change_message": "[{\"added\": {}}]"}}, {"model": "admin.logentry", "pk": 67, "fields": {"action_time": "2020-10-16T11:15:31.808Z", "user": 1, "content_type": 11, "object_id": "16", "object_repr": "good!", "action_flag": 1, "change_message": "[{\"added\": {}}]"}}, {"model": "admin.logentry", "pk": 68, "fields": {"action_time": "2020-10-16T11:15:42.921Z", "user": 1, "content_type": 11, "object_id": "17", "object_repr": "perfect", "action_flag": 1, "change_message": "[{\"added\": {}}]"}}, {"model": "admin.logentry", "pk": 69, "fields": {"action_time": "2020-10-16T11:16:02.389Z", "user": 1, "content_type": 11, "object_id": "18", "object_repr": "add comment", "action_flag": 1, "change_message": "[{\"added\": {}}]"}}, {"model": "admin.logentry", "pk": 70, "fields": {"action_time": "2020-10-16T11:16:25.424Z", "user": 1, "content_type": 11, "object_id": "19", "object_repr": "i can type!", "action_flag": 1, "change_message": "[{\"added\": {}}]"}}, {"model": "admin.logentry", "pk": 71, "fields": {"action_time": "2020-10-16T11:16:33.855Z", "user": 1, "content_type": 11, "object_id": "20", "object_repr": "wtf?!", "action_flag": 1, "change_message": "[{\"added\": {}}]"}}, {"model": "admin.logentry", "pk": 72, "fields": {"action_time": "2020-10-16T11:16:58.988Z", "user": 1, "content_type": 11, "object_id": "21", "object_repr": "erase my mind please", "action_flag": 1, "change_message": "[{\"added\": {}}]"}}, {"model": "admin.logentry", "pk": 73, "fields": {"action_time": "2020-10-16T11:17:12.213Z", "user": 1, "content_type": 11, "object_id": "22", "object_repr": "please dont!", "action_flag": 1, "change_message": "[{\"added\": {}}]"}}, {"model": "admin.logentry", "pk": 74, "fields": {"action_time": "2020-10-16T11:17:23.028Z", "user": 1, "content_type": 11, "object_id": "23", "object_repr": "some message", "action_flag": 1, "change_message": "[{\"added\": {}}]"}}, {"model": "admin.logentry", "pk": 75, "fields": {"action_time": "2020-10-16T11:17:32.671Z", "user": 1, "content_type": 11, "object_id": "24", "object_repr": "add info?", "action_flag": 1, "change_message": "[{\"added\": {}}]"}}, {"model": "admin.logentry", "pk": 76, "fields": {"action_time": "2020-10-16T11:17:45.334Z", "user": 1, "content_type": 11, "object_id": "25", "object_repr": "very good!", "action_flag": 1, "change_message": "[{\"added\": {}}]"}}, {"model": "admin.logentry", "pk": 77, "fields": {"action_time": "2020-10-16T11:17:53.653Z", "user": 1, "content_type": 11, "object_id": "26", "object_repr": "need more", "action_flag": 1, "change_message": "[{\"added\": {}}]"}}, {"model": "admin.logentry", "pk": 78, "fields": {"action_time": "2020-10-16T11:18:07.797Z", "user": 1, "content_type": 11, "object_id": "27", "object_repr": "take it easy", "action_flag": 1, "change_message": "[{\"added\": {}}]"}}, {"model": "admin.logentry", "pk": 79, "fields": {"action_time": "2020-10-16T11:18:49.133Z", "user": 1, "content_type": 11, "object_id": "28", "object_repr": "enogh", "action_flag": 1, "change_message": "[{\"added\": {}}]"}}, {"model": "admin.logentry", "pk": 80, "fields": {"action_time": "2020-10-16T11:19:07.766Z", "user": 1, "content_type": 11, "object_id": "29", "object_repr": "do not repeat!", "action_flag": 1, "change_message": "[{\"added\": {}}]"}}, {"model": "admin.logentry", "pk": 81, "fields": {"action_time": "2020-10-16T11:19:39.377Z", "user": 1, "content_type": 11, "object_id": "30", "object_repr": "awful!", "action_flag": 1, "change_message": "[{\"added\": {}}]"}}, {"model": "admin.logentry", "pk": 82, "fields": {"action_time": "2020-10-16T11:20:20.147Z", "user": 1, "content_type": 11, "object_id": "31", "object_repr": "tied to type this!!!", "action_flag": 1, "change_message": "[{\"added\": {}}]"}}, {"model": "admin.logentry", "pk": 83, "fields": {"action_time": "2020-10-16T11:20:32.162Z", "user": 1, "content_type": 11, "object_id": "32", "object_repr": "no more please!!", "action_flag": 1, "change_message": "[{\"added\": {}}]"}}, {"model": "admin.logentry", "pk": 84, "fields": {"action_time": "2020-10-16T11:20:46.794Z", "user": 1, "content_type": 11, "object_id": "33", "object_repr": "another one comment...", "action_flag": 1, "change_message": "[{\"added\": {}}]"}}, {"model": "admin.logentry", "pk": 85, "fields": {"action_time": "2020-10-16T11:21:09.024Z", "user": 1, "content_type": 11, "object_id": "34", "object_repr": "far far away", "action_flag": 1, "change_message": "[{\"added\": {}}]"}}, {"model": "admin.logentry", "pk": 86, "fields": {"action_time": "2020-10-16T11:21:17.152Z", "user": 1, "content_type": 11, "object_id": "35", "object_repr": "msg1", "action_flag": 1, "change_message": "[{\"added\": {}}]"}}, {"model": "admin.logentry", "pk": 87, "fields": {"action_time": "2020-10-16T11:21:24.495Z", "user": 1, "content_type": 11, "object_id": "36", "object_repr": "msg2", "action_flag": 1, "change_message": "[{\"added\": {}}]"}}, {"model": "admin.logentry", "pk": 88, "fields": {"action_time": "2020-10-16T11:21:31.198Z", "user": 1, "content_type": 11, "object_id": "37", "object_repr": "msg3", "action_flag": 1, "change_message": "[{\"added\": {}}]"}}, {"model": "admin.logentry", "pk": 89, "fields": {"action_time": "2020-10-16T11:21:38.728Z", "user": 1, "content_type": 11, "object_id": "38", "object_repr": "msg1", "action_flag": 1, "change_message": "[{\"added\": {}}]"}}, {"model": "admin.logentry", "pk": 90, "fields": {"action_time": "2020-10-16T11:21:48.438Z", "user": 1, "content_type": 11, "object_id": "39", "object_repr": "msg2", "action_flag": 1, "change_message": "[{\"added\": {}}]"}}, {"model": "admin.logentry", "pk": 91, "fields": {"action_time": "2020-10-16T11:21:56.482Z", "user": 1, "content_type": 11, "object_id": "40", "object_repr": "msg3", "action_flag": 1, "change_message": "[{\"added\": {}}]"}}, {"model": "admin.logentry", "pk": 92, "fields": {"action_time": "2020-10-16T11:22:06.413Z", "user": 1, "content_type": 11, "object_id": "41", "object_repr": "msg1", "action_flag": 1, "change_message": "[{\"added\": {}}]"}}, {"model": "admin.logentry", "pk": 93, "fields": {"action_time": "2020-10-16T11:22:15.846Z", "user": 1, "content_type": 11, "object_id": "42", "object_repr": "msg2", "action_flag": 1, "change_message": "[{\"added\": {}}]"}}, {"model": "admin.logentry", "pk": 94, "fields": {"action_time": "2020-10-16T11:22:30.693Z", "user": 1, "content_type": 11, "object_id": "43", "object_repr": "msg4", "action_flag": 1, "change_message": "[{\"added\": {}}]"}}]